{"validation_loss": 3.9294073581695557, "bleu": 10.562994374291854}