{"validation_loss": 4.399696350097656, "bleu": 7.858045792628092}